{"coco/bbox_mAP": 0.781, "coco/bbox_mAP_50": 0.876, "coco/bbox_mAP_75": 0.867, "coco/bbox_mAP_s": 0.0, "coco/bbox_mAP_m": 0.483, "coco/bbox_mAP_l": 0.915, "data_time": 0.47502871660085827, "time": 0.5114746277148907}