{"lr": 2.5863685344827587e-05, "data_time": 3.013150930404663, "loss": 2.576694059371948, "loss_cls": 1.8359620094299316, "loss_bbox": 0.7407320976257324, "time": 4.264776563644409, "epoch": 1, "memory": 1614, "step": 5}
{"lr": 5.819094827586207e-05, "data_time": 1.5605933904647826, "loss": 2.594565224647522, "loss_cls": 1.8620482683181763, "loss_bbox": 0.7325169563293457, "time": 2.2550665378570556, "epoch": 1, "memory": 1614, "step": 10}
{"lr": 9.051821120689655e-05, "data_time": 1.2650278250376383, "loss": 2.6117966016133627, "loss_cls": 1.887628451983134, "loss_bbox": 0.7241681496302287, "time": 1.7736204147338868, "epoch": 2, "memory": 1614, "step": 15}
{"lr": 0.00012284547413793102, "data_time": 1.0205566048622132, "loss": 2.6078508734703063, "loss_cls": 1.8855785131454468, "loss_bbox": 0.7222723722457886, "time": 1.427758014202118, "epoch": 2, "memory": 1614, "step": 20}
{"lr": 0.00015517273706896546, "data_time": 0.965869140625, "loss": 2.604331579208374, "loss_cls": 1.8846218585968018, "loss_bbox": 0.719709734916687, "time": 1.3227435207366944, "epoch": 3, "memory": 1614, "step": 25}
{"lr": 0.0001874999999999999, "data_time": 0.8522683382034302, "loss": 2.608935594558716, "loss_cls": 1.9007946650187175, "loss_bbox": 0.7081409394741058, "time": 1.1671252568562827, "epoch": 3, "memory": 1614, "step": 30}
{"lr": 0.0001874999999999999, "data_time": 0.8332442964826311, "loss": 2.6027124064309257, "loss_cls": 1.905964231491089, "loss_bbox": 0.6967481817517962, "time": 1.1234073979513985, "epoch": 4, "memory": 1614, "step": 35}
{"lr": 0.0001874999999999999, "data_time": 0.757742565870285, "loss": 2.5813067674636843, "loss_cls": 1.8980482131242753, "loss_bbox": 0.6832585588097573, "time": 1.0244603037834168, "epoch": 4, "memory": 1614, "step": 40}
{"lr": 0.0001874999999999999, "data_time": 0.7529657681783041, "loss": 2.544376182556152, "loss_cls": 1.8810632202360364, "loss_bbox": 0.6633129623201158, "time": 1.008991903728909, "epoch": 5, "memory": 1614, "step": 45}
{"lr": 0.0001874999999999999, "data_time": 0.7058304452896118, "loss": 2.4830381941795348, "loss_cls": 1.836188380718231, "loss_bbox": 0.6468498152494431, "time": 0.9458038711547851, "epoch": 5, "memory": 1614, "step": 50}
{"lr": 0.0001874999999999999, "data_time": 0.4778700637817383, "loss": 2.3894613337516786, "loss_cls": 1.7698604357242584, "loss_bbox": 0.6196008950471878, "time": 0.6072420883178711, "epoch": 6, "memory": 1614, "step": 55}
{"lr": 0.0001874999999999999, "data_time": 0.49459325790405273, "loss": 2.2814585161209107, "loss_cls": 1.6879571747779847, "loss_bbox": 0.5935013431310654, "time": 0.6210170459747314, "epoch": 6, "memory": 1614, "step": 60}
{"lr": 0.0001874999999999999, "data_time": 0.5015115547180176, "loss": 2.1474058341979982, "loss_cls": 1.5812684297561646, "loss_bbox": 0.5661374068260193, "time": 0.6308639287948609, "epoch": 7, "memory": 1614, "step": 65}
{"lr": 0.0001874999999999999, "data_time": 0.49948945999145505, "loss": 2.0144902443885804, "loss_cls": 1.4771744203567505, "loss_bbox": 0.5373158210515976, "time": 0.6295168447494507, "epoch": 7, "memory": 1614, "step": 70}
{"lr": 0.0001874999999999999, "data_time": 0.49425907135009767, "loss": 1.8652369976043701, "loss_cls": 1.359016513824463, "loss_bbox": 0.5062204784154892, "time": 0.6214601373672486, "epoch": 8, "memory": 1614, "step": 75}
{"lr": 0.0001874999999999999, "data_time": 0.4955418920516968, "loss": 1.705243670940399, "loss_cls": 1.2262579023838043, "loss_bbox": 0.4789857643842697, "time": 0.623383617401123, "epoch": 8, "memory": 1614, "step": 80}
{"lr": 0.0001874999999999999, "data_time": 0.4918244886398315, "loss": 1.567975070476532, "loss_cls": 1.1091186547279357, "loss_bbox": 0.4588564109802246, "time": 0.6216918659210205, "epoch": 9, "memory": 1614, "step": 85}
{"lr": 0.0001874999999999999, "data_time": 0.49817978858947753, "loss": 1.4175347685813904, "loss_cls": 0.9827606415748597, "loss_bbox": 0.43477412343025207, "time": 0.6272116613388061, "epoch": 9, "memory": 1614, "step": 90}
{"lr": 0.0001874999999999999, "data_time": 0.4951391553878784, "loss": 1.301035122871399, "loss_cls": 0.8785914349555969, "loss_bbox": 0.42244368672370913, "time": 0.6226344966888427, "epoch": 10, "memory": 1614, "step": 95}
{"lr": 0.0001874999999999999, "data_time": 0.4925413751602173, "loss": 1.2004867553710938, "loss_cls": 0.7910558521747589, "loss_bbox": 0.4094309020042419, "time": 0.6216666460037231, "epoch": 10, "memory": 1614, "step": 100}
{"coco/bbox_mAP": 0.804, "coco/bbox_mAP_50": 0.976, "coco/bbox_mAP_75": 0.912, "coco/bbox_mAP_s": -1.0, "coco/bbox_mAP_m": -1.0, "coco/bbox_mAP_l": 0.804, "data_time": 0.2121522171156747, "time": 0.23652937582560948, "step": 10}
{"lr": 0.0001874999999999999, "data_time": 0.485929594039917, "loss": 1.122996174097061, "loss_cls": 0.7267930632829667, "loss_bbox": 0.3962031102180481, "time": 0.6166261339187622, "epoch": 11, "memory": 1614, "step": 105}
{"lr": 0.0001874999999999999, "data_time": 0.496514778137207, "loss": 1.0632871031761169, "loss_cls": 0.6791298288106918, "loss_bbox": 0.38415727496147156, "time": 0.6274975156784057, "epoch": 11, "memory": 1614, "step": 110}
{"lr": 0.0001874999999999999, "data_time": 0.49062535285949704, "loss": 1.0272643423080445, "loss_cls": 0.6512188798189164, "loss_bbox": 0.376045463681221, "time": 0.6198701143264771, "epoch": 12, "memory": 1614, "step": 115}
{"lr": 0.0001874999999999999, "data_time": 0.4900029516220093, "loss": 0.9867845177650452, "loss_cls": 0.6189453029632568, "loss_bbox": 0.36783921539783476, "time": 0.6183493328094483, "epoch": 12, "memory": 1614, "step": 120}
{"lr": 0.0001874999999999999, "data_time": 0.48697470664978026, "loss": 0.9666379392147064, "loss_cls": 0.60299023270607, "loss_bbox": 0.36364770770072935, "time": 0.6160411214828492, "epoch": 13, "memory": 1614, "step": 125}
{"lr": 0.0001874999999999999, "data_time": 0.48769846439361575, "loss": 0.9534479880332947, "loss_cls": 0.5925796717405319, "loss_bbox": 0.3608683162927628, "time": 0.6158856964111328, "epoch": 13, "memory": 1614, "step": 130}
{"lr": 0.0001874999999999999, "data_time": 0.48634944915771483, "loss": 0.9182284414768219, "loss_cls": 0.5660527569055557, "loss_bbox": 0.352175686955452, "time": 0.6144427728652954, "epoch": 14, "memory": 1614, "step": 135}
{"lr": 0.0001874999999999999, "data_time": 0.490661997795105, "loss": 0.8993170428276062, "loss_cls": 0.5516242736577988, "loss_bbox": 0.3476927703619003, "time": 0.6191602945327759, "epoch": 14, "memory": 1614, "step": 140}
{"lr": 0.0001874999999999999, "data_time": 0.4968799066543579, "loss": 0.8756755924224854, "loss_cls": 0.5322163933515549, "loss_bbox": 0.3434592020511627, "time": 0.6266883850097656, "epoch": 15, "memory": 1614, "step": 145}
{"lr": 0.0001874999999999999, "data_time": 0.49696051597595214, "loss": 0.8553194606304169, "loss_cls": 0.5193448495864869, "loss_bbox": 0.3359746146202087, "time": 0.6256736516952515, "epoch": 15, "memory": 1614, "step": 150}
{"lr": 0.0001874999999999999, "data_time": 0.49148006916046144, "loss": 0.843899335861206, "loss_cls": 0.5088873642683029, "loss_bbox": 0.33501197397708893, "time": 0.6168870306015015, "epoch": 16, "memory": 1614, "step": 155}
{"lr": 0.0001874999999999999, "data_time": 0.48286329746246337, "loss": 0.8271889126300812, "loss_cls": 0.49487780272960663, "loss_bbox": 0.332311110496521, "time": 0.6076567983627319, "epoch": 16, "memory": 1614, "step": 160}
{"lr": 0.0001874999999999999, "data_time": 0.4843271589279175, "loss": 0.8106730699539184, "loss_cls": 0.481134814620018, "loss_bbox": 0.32953825533390046, "time": 0.6098777055740356, "epoch": 17, "memory": 1614, "step": 165}
{"lr": 0.0001874999999999999, "data_time": 0.4848896408081055, "loss": 0.7946126878261566, "loss_cls": 0.47048182249069215, "loss_bbox": 0.32413086652755735, "time": 0.6115904092788697, "epoch": 17, "memory": 1614, "step": 170}
{"lr": 0.0001874999999999999, "data_time": 0.48824615478515626, "loss": 0.7781354415416718, "loss_cls": 0.4594187420606613,