{"coco/bbox_mAP": 0.858, "coco/bbox_mAP_50": 0.992, "coco/bbox_mAP_75": 0.926, "coco/bbox_mAP_s": -1.0, "coco/bbox_mAP_m": -1.0, "coco/bbox_mAP_l": 0.858, "data_time": 1.2672546250479562, "time": 1.3657567926815577}